"location","lat","long","alt","year","bloom_date","bloom_doy"
"kyoto",35.0119831,135.6761135,44,812,0812-04-01,92
"kyoto",35.0119831,135.6761135,44,815,0815-04-15,105
"kyoto",35.0119831,135.6761135,44,831,0831-04-06,96
"kyoto",35.0119831,135.6761135,44,851,0851-04-18,108
"kyoto",35.0119831,135.6761135,44,853,0853-04-14,104
"kyoto",35.0119831,135.6761135,44,864,0864-04-09,100
"kyoto",35.0119831,135.6761135,44,866,0866-04-16,106
"kyoto",35.0119831,135.6761135,44,869,0869-04-05,95
"kyoto",35.0119831,135.6761135,44,889,0889-04-14,104
"kyoto",35.0119831,135.6761135,44,891,0891-04-19,109
"kyoto",35.0119831,135.6761135,44,892,0892-04-17,108
"kyoto",35.0119831,135.6761135,44,894,0894-04-16,106
"kyoto",35.0119831,135.6761135,44,895,0895-04-14,104
"kyoto",35.0119831,135.6761135,44,896,0896-04-13,104
"kyoto",35.0119831,135.6761135,44,902,0902-04-12,102
"kyoto",35.0119831,135.6761135,44,908,0908-04-07,98
"kyoto",35.0119831,135.6761135,44,912,0912-04-04,95
"kyoto",35.0119831,135.6761135,44,913,0913-04-20,110
"kyoto",35.0119831,135.6761135,44,917,0917-04-05,95
"kyoto",35.0119831,135.6761135,44,923,0923-04-14,104
"kyoto",35.0119831,135.6761135,44,926,0926-04-08,98
"kyoto",35.0119831,135.6761135,44,930,0930-04-07,97
"kyoto",35.0119831,135.6761135,44,933,0933-04-16,106
"kyoto",35.0119831,135.6761135,44,941,0941-04-19,109
"kyoto",35.0119831,135.6761135,44,949,0949-04-17,107
"kyoto",35.0119831,135.6761135,44,950,0950-04-05,95
"kyoto",35.0119831,135.6761135,44,955,0955-03-30,89
"kyoto",35.0119831,135.6761135,44,957,0957-04-22,112
"kyoto",35.0119831,135.6761135,44,958,0958-04-19,109
"kyoto",35.0119831,135.6761135,44,959,0959-04-07,97
"kyoto",35.0119831,135.6761135,44,960,0960-04-10,101
"kyoto",35.0119831,135.6761135,44,961,0961-03-28,87
"kyoto",35.0119831,135.6761135,44,963,0963-04-04,94
"kyoto",35.0119831,135.6761135,44,965,0965-04-14,104
"kyoto",35.0119831,135.6761135,44,966,0966-04-08,98
"kyoto",35.0119831,135.6761135,44,967,0967-04-13,103
"kyoto",35.0119831,135.6761135,44,969,0969-04-08,98
"kyoto",35.0119831,135.6761135,44,972,0972-04-16,107
"kyoto",35.0119831,135.6761135,44,974,0974-04-18,108
"kyoto",35.0119831,135.6761135,44,975,0975-04-11,101
"kyoto",35.0119831,135.6761135,44,977,0977-04-22,112
"kyoto",35.0119831,135.6761135,44,979,0979-04-14,104
"kyoto",35.0119831,135.6761135,44,985,0985-04-04,94
"kyoto",35.0119831,135.6761135,44,989,0989-04-10,100
"kyoto",35.0119831,135.6761135,44,991,0991-04-14,104
"kyoto",35.0119831,135.6761135,44,1000,1000-04-15,105
"kyoto",35.0119831,135.6761135,44,1004,1004-04-26,117
"kyoto",35.0119831,135.6761135,44,1006,1006-04-10,100
"kyoto",35.0119831,135.6761135,44,1007,1007-04-16,106
"kyoto",35.0119831,135.6761135,44,1014,1014-04-25,115
"kyoto",35.0119831,135.6761135,44,1016,1016-04-20,111
"kyoto",35.0119831,135.6761135,44,1017,1017-04-09,99
"kyoto",35.0119831,135.6761135,44,1018,1018-04-23,113
"kyoto",35.0119831,135.6761135,44,1019,1019-04-08,98
"kyoto",35.0119831,135.6761135,44,1029,1029-04-26,116
"kyoto",35.0119831,135.6761135,44,1031,1031-04-07,97
"kyoto",35.0119831,135.6761135,44,1032,1032-04-20,111
"kyoto",35.0119831,135.6761135,44,1033,1033-04-12,102
"kyoto",35.0119831,135.6761135,44,1034,1034-04-06,96
"kyoto",35.0119831,135.6761135,44,1036,1036-04-13,104
"kyoto",35.0119831,135.6761135,44,1041,1041-04-13,103
"kyoto",35.0119831,135.6761135,44,1046,1046-04-13,103
"kyoto",35.0119831,135.6761135,44,1048,1048-04-21,112
"kyoto",35.0119831,135.6761135,44,1050,1050-04-15,105
"kyoto",35.0119831,135.6761135,44,1060,1060-04-17,108
"kyoto",35.0119831,135.6761135,44,1061,1061-04-02,92
"kyoto",35.0119831,135.6761135,44,1066,1066-04-15,105
"kyoto",35.0119831,135.6761135,44,1071,1071-04-23,113
"kyoto",35.0119831,135.6761135,44,1073,1073-04-13,103
"kyoto",35.0119831,135.6761135,44,1080,1080-04-11,102
"kyoto",35.0119831,135.6761135,44,1083,1083-04-06,96
"kyoto",35.0119831,135.6761135,44,1084,1084-04-29,120
"kyoto",35.0119831,135.6761135,44,1088,1088-04-13,104
"kyoto",35.0119831,135.6761135,44,1090,1090-04-15,105
"kyoto",35.0119831,135.6761135,44,1093,1093-04-15,105
"kyoto",35.0119831,135.6761135,44,1095,1095-04-10,100
"kyoto",35.0119831,135.6761135,44,1096,1096-04-05,96
"kyoto",35.0119831,135.6761135,44,1098,1098-04-10,100
"kyoto",35.0119831,135.6761135,44,1099,1099-04-13,103
"kyoto",35.0119831,135.6761135,44,1102,1102-04-14,104
"kyoto",35.0119831,135.6761135,44,1104,1104-04-17,108
"kyoto",35.0119831,135.6761135,44,1105,1105-04-24,114
"kyoto",35.0119831,135.6761135,44,1107,1107-04-15,105
"kyoto",35.0119831,135.6761135,44,1111,1111-04-23,113
"kyoto",35.0119831,135.6761135,44,1112,1112-04-13,104
"kyoto",35.0119831,135.6761135,44,1114,1114-04-10,100
"kyoto",35.0119831,135.6761135,44,1117,1117-04-19,109
"kyoto",35.0119831,135.6761135,44,1118,1118-04-12,102
"kyoto",35.0119831,135.6761135,44,1120,1120-04-13,104
"kyoto",35.0119831,135.6761135,44,1123,1123-04-22,112
"kyoto",35.0119831,135.6761135,44,1124,1124-04-07,98
"kyoto",35.0119831,135.6761135,44,1125,1125-04-21,111
"kyoto",35.0119831,135.6761135,44,1126,1126-04-18,108
"kyoto",35.0119831,135.6761135,44,1127,1127-04-17,107
"kyoto",35.0119831,135.6761135,44,1128,1128-04-20,111
"kyoto",35.0119831,135.6761135,44,1129,1129-04-16,106
"kyoto",35.0119831,135.6761135,44,1130,1130-04-13,103
"kyoto",35.0119831,135.6761135,44,1131,1131-04-13,103
"kyoto",35.0119831,135.6761135,44,1134,1134-04-16,106
"kyoto",35.0119831,135.6761135,44,1139,1139-04-23,113
"kyoto",35.0119831,135.6761135,44,1140,1140-04-12,103
"kyoto",35.0119831,135.6761135,44,1141,1141-04-21,111
"kyoto",35.0119831,135.6761135,44,1143,1143-04-20,110
"kyoto",35.0119831,135.6761135,44,1145,1145-04-17,107
"kyoto",35.0119831,135.6761135,44,1151,1151-04-19,109
"kyoto",35.0119831,135.6761135,44,1154,1154-04-06,96
"kyoto",35.0119831,135.6761135,44,1156,1156-03-30,90
"kyoto",35.0119831,135.6761135,44,1159,1159-04-13,103
"kyoto",35.0119831,135.6761135,44,1161,1161-04-22,112
"kyoto",35.0119831,135.6761135,44,1163,1163-04-22,112
"kyoto",35.0119831,135.6761135,44,1164,1164-04-09,100
"kyoto",35.0119831,135.6761135,44,1165,1165-04-16,106
"kyoto",35.0119831,135.6761135,44,1166,1166-04-05,95
"kyoto",35.0119831,135.6761135,44,1167,1167-04-21,111
"kyoto",35.0119831,135.6761135,44,1169,1169-04-22,112
"kyoto",35.0119831,135.6761135,44,1170,1170-04-23,113
"kyoto",35.0119831,135.6761135,44,1172,1172-04-12,103
"kyoto",35.0119831,135.6761135,44,1173,1173-04-27,117
"kyoto",35.0119831,135.6761135,44,1174,1174-04-22,112
"kyoto",35.0119831,135.6761135,44,1175,1175-04-23,113
"kyoto",35.0119831,135.6761135,44,1176,1176-04-22,113
"kyoto",35.0119831,135.6761135,44,1179,1179-04-13,103
"kyoto",35.0119831,135.6761135,44,1180,1180-04-07,98
"kyoto",35.0119831,135.6761135,44,1182,1182-04-14,104
"kyoto",35.0119831,135.6761135,44,1183,1183-04-11,101
"kyoto",35.0119831,135.6761135,44,1184,1184-04-24,115
"kyoto",35.0119831,135.6761135,44,1185,1185-04-25,115
"kyoto",35.0119831,135.6761135,44,1187,1187-04-14,104
"kyoto",35.0119831,135.6761135,44,1188,1188-04-16,107
"kyoto",35.0119831,135.6761135,44,1190,1190-04-22,112
"kyoto",35.0119831,135.6761135,44,1191,1191-04-16,106
"kyoto",35.0119831,135.6761135,44,1194,1194-04-29,119
"kyoto",35.0119831,135.6761135,44,1199,1199-04-19,109
"kyoto",35.0119831,135.6761135,44,1200,1200-04-13,104
"kyoto",35.0119831,135.6761135,44,1201,1201-04-06,96
"kyoto",35.0119831,135.6761135,44,1202,1202-04-16,106
"kyoto",35.0119831,135.6761135,44,1203,1203-04-15,105
"kyoto",35.0119831,135.6761135,44,1204,1204-04-19,110
"kyoto",35.0119831,135.6761135,44,1205,1205-04-15,105
"kyoto",35.0119831,135.6761135,44,1207,1207-04-14,104
"kyoto",35.0119831,135.6761135,44,1210,1210-04-22,112
"kyoto",35.0119831,135.6761135,44,1212,1212-04-07,98
"kyoto",35.0119831,135.6761135,44,1213,1213-04-17,107
"kyoto",35.0119831,135.6761135,44,1214,1214-04-12,102
"kyoto",35.0119831,135.6761135,44,1215,1215-04-18,108
"kyoto",35.0119831,135.6761135,44,1216,1216-04-10,101
"kyoto",35.0119831,135.6761135,44,1219,1219-04-11,101
"kyoto",35.0119831,135.6761135,44,1220,1220-04-18,109
"kyoto",35.0119831,135.6761135,44,1221,1221-04-09,99
"kyoto",35.0119831,135.6761135,44,1223,1223-04-26,116
"kyoto",35.0119831,135.6761135,44,1225,1225-04-15,105
"kyoto",35.0119831,135.6761135,44,1226,1226-04-16,106
"kyoto",35.0119831,135.6761135,44,1227,1227-04-21,111
"kyoto",35.0119831,135.6761135,44,1229,1229-04-07,97
"kyoto",35.0119831,135.6761135,44,1230,1230-04-12,102
"kyoto",35.0119831,135.6761135,44,1231,1231-04-11,101
"kyoto",35.0119831,135.6761135,44,1232,1232-04-01,92
"kyoto",35.0119831,135.6761135,44,1233,1233-04-15,105
"kyoto",35.0119831,135.6761135,44,1235,1235-04-20,110
"kyoto",35.0119831,135.6761135,44,1236,1236-03-27,87
"kyoto",35.0119831,135.6761135,44,1240,1240-04-15,106
"kyoto",35.0119831,135.6761135,44,1244,1244-04-17,108
"kyoto",35.0119831,135.6761135,44,1245,1245-04-18,108
"kyoto",35.0119831,135.6761135,44,1246,1246-04-08,98
"kyoto",35.0119831,135.6761135,44,1247,1247-04-16,106
"kyoto",35.0119831,135.6761135,44,1249,1249-04-18,108
"kyoto",35.0119831,135.6761135,44,1250,1250-04-26,116
"kyoto",35.0119831,135.6761135,44,1251,1251-04-10,100
"kyoto",35.0119831,135.6761135,44,1254,1254-04-20,110
"kyoto",35.0119831,135.6761135,44,1257,1257-04-04,94
"kyoto",35.0119831,135.6761135,44,1259,1259-04-06,96
"kyoto",35.0119831,135.6761135,44,1262,1262-04-07,97
"kyoto",35.0119831,135.6761135,44,1263,1263-04-30,120
"kyoto",35.0119831,135.6761135,44,1264,1264-04-12,103
"kyoto",35.0119831,135.6761135,44,1265,1265-04-08,98
"kyoto",35.0119831,135.6761135,44,1267,1267-04-15,105
"kyoto",35.0119831,135.6761135,44,1268,1268-04-12,103
"kyoto",35.0119831,135.6761135,44,1269,1269-04-10,100
"kyoto",35.0119831,135.6761135,44,1271,1271-04-10,100
"kyoto",35.0119831,135.6761135,44,1275,1275-04-17,107
"kyoto",35.0119831,135.6761135,44,1278,1278-04-23,113
"kyoto",35.0119831,135.6761135,44,1279,1279-04-11,101
"kyoto",35.0119831,135.6761135,44,1280,1280-04-11,102
"kyoto",35.0119831,135.6761135,44,1283,1283-04-13,103
"kyoto",35.0119831,135.6761135,44,1284,1284-04-11,102
"kyoto",35.0119831,135.6761135,44,1285,1285-04-15,105
"kyoto",35.0119831,135.6761135,44,1286,1286-04-22,112
"kyoto",35.0119831,135.6761135,44,1287,1287-04-20,110
"kyoto",35.0119831,135.6761135,44,1288,1288-04-17,108
"kyoto",35.0119831,135.6761135,44,1289,1289-04-17,107
"kyoto",35.0119831,135.6761135,44,1292,1292-04-16,107
"kyoto",35.0119831,135.6761135,44,1294,1294-04-11,101
"kyoto",35.0119831,135.6761135,44,1295,1295-04-12,102
"kyoto",35.0119831,135.6761135,44,1301,1301-04-05,95
"kyoto",35.0119831,135.6761135,44,1302,1302-04-06,96
"kyoto",35.0119831,135.6761135,44,1307,1307-04-14,104
"kyoto",35.0119831,135.6761135,44,1311,1311-04-04,94
"kyoto",35.0119831,135.6761135,44,1312,1312-04-09,100
"kyoto",35.0119831,135.6761135,44,1314,1314-04-11,101
"kyoto",35.0119831,135.6761135,44,1315,1315-04-21,111
"kyoto",35.0119831,135.6761135,44,1316,1316-04-12,103
"kyoto",35.0119831,135.6761135,44,1317,1317-04-12,102
"kyoto",35.0119831,135.6761135,44,1319,1319-04-26,116
"kyoto",35.0119831,135.6761135,44,1321,1321-04-12,102
"kyoto",35.0119831,135.6761135,44,1322,1322-04-16,106
"kyoto",35.0119831,135.6761135,44,1323,1323-05-04,124
"kyoto",35.0119831,135.6761135,44,1324,1324-04-07,98
"kyoto",35.0119831,135.6761135,44,1326,1326-04-17,107
"kyoto",35.0119831,135.6761135,44,1329,1329-04-22,112
"kyoto",35.0119831,135.6761135,44,1330,1330-04-18,108
"kyoto",35.0119831,135.6761135,44,1331,1331-04-22,112
"kyoto",35.0119831,135.6761135,44,1332,1332-04-24,115
"kyoto",35.0119831,135.6761135,44,1342,1342-04-20,110
"kyoto",35.0119831,135.6761135,44,1344,1344-04-11,102
"kyoto",35.0119831,135.6761135,44,1346,1346-04-17,107
"kyoto",35.0119831,135.6761135,44,1347,1347-04-19,109
"kyoto",35.0119831,135.6761135,44,1349,1349-04-22,112
"kyoto",35.0119831,135.6761135,44,1350,1350-04-11,101
"kyoto",35.0119831,135.6761135,44,1351,1351-04-25,115
"kyoto",35.0119831,135.6761135,44,1356,1356-04-26,117
"kyoto",35.0119831,135.6761135,44,1357,1357-04-17,107
"kyoto",35.0119831,135.6761135,44,1358,1358-04-20,110
"kyoto",35.0119831,135.6761135,44,1359,1359-04-15,105
"kyoto",35.0119831,135.6761135,44,1360,1360-04-10,101
"kyoto",35.0119831,135.6761135,44,1361,1361-04-18,108
"kyoto",35.0119831,135.6761135,44,1363,1363-04-17,107
"kyoto",35.0119831,135.6761135,44,1364,1364-04-19,110
"kyoto",35.0119831,135.6761135,44,1366,1366-04-22,112
"kyoto",35.0119831,135.6761135,44,1367,1367-04-07,97
"kyoto",35.0119831,135.6761135,44,1368,1368-03-28,88
"kyoto",35.0119831,135.6761135,44,1369,1369-04-04,94
"kyoto",35.0119831,135.6761135,44,1370,1370-04-19,109
"kyoto",35.0119831,135.6761135,44,1372,1372-04-11,102
"kyoto",35.0119831,135.6761135,44,1373,1373-04-20,110
"kyoto",35.0119831,135.6761135,44,1375,1375-04-13,103
"kyoto",35.0119831,135.6761135,44,1376,1376-04-08,99
"kyoto",35.0119831,135.6761135,44,1377,1377-04-15,105
"kyoto",35.0119831,135.6761135,44,1378,1378-04-14,104
"kyoto",35.0119831,135.6761135,44,1379,1379-04-13,103
"kyoto",35.0119831,135.6761135,44,1380,1380-04-11,102
"kyoto",35.0119831,135.6761135,44,1381,1381-04-18,108
"kyoto",35.0119831,135.6761135,44,1382,1382-04-15,105
"kyoto",35.0119831,135.6761135,44,1383,1383-04-12,102
"kyoto",35.0119831,135.6761135,44,1384,1384-04-07,98
"kyoto",35.0119831,135.6761135,44,1385,1385-04-09,99
"kyoto",35.0119831,135.6761135,44,1386,1386-04-15,105
"kyoto",35.0119831,135.6761135,44,1387,1387-04-10,100
"kyoto",35.0119831,135.6761135,44,1388,1388-04-08,99
"kyoto",35.0119831,135.6761135,44,1398,1398-04-16,106
"kyoto",35.0119831,135.6761135,44,1401,1401-04-11,101
"kyoto",35.0119831,135.6761135,44,1402,1402-04-13,103
"kyoto",35.0119831,135.6761135,44,1403,1403-04-14,104
"kyoto",35.0119831,135.6761135,44,1406,1406-04-12,102
"kyoto",35.0119831,135.6761135,44,1407,1407-04-11,101
"kyoto",35.0119831,135.6761135,44,1408,1408-04-20,111
"kyoto",35.0119831,135.6761135,44,1409,1409-03-27,86
"kyoto",35.0119831,135.6761135,44,1410,1410-04-12,102
"kyoto",35.0119831,135.6761135,44,1412,1412-04-02,93
"kyoto",35.0119831,135.6761135,44,1413,1413-04-01,91
"kyoto",35.0119831,135.6761135,44,1415,1415-04-15,105
"kyoto",35.0119831,135.6761135,44,1416,1416-04-10,101
"kyoto",35.0119831,135.6761135,44,1417,1417-04-19,109
"kyoto",35.0119831,135.6761135,44,1418,1418-04-08,98
"kyoto",35.0119831,135.6761135,44,1419,1419-04-10,100
"kyoto",35.0119831,135.6761135,44,1420,1420-04-21,112
"kyoto",35.0119831,135.6761135,44,1421,1421-04-09,99
"kyoto",35.0119831,135.6761135,44,1422,1422-04-19,109
"kyoto",35.0119831,135.6761135,44,1423,1423-04-06,96
"kyoto",35.0119831,135.6761135,44,1424,1424-04-12,103
"kyoto",35.0119831,135.6761135,44,1425,1425-04-08,98
"kyoto",35.0119831,135.6761135,44,1426,1426-04-09,99
"kyoto",35.0119831,135.6761135,44,1427,1427-04-12,102
"kyoto",35.0119831,135.6761135,44,1429,1429-04-08,98
"kyoto",35.0119831,135.6761135,44,1430,1430-04-18,108
"kyoto",35.0119831,135.6761135,44,1431,1431-04-12,102
"kyoto",35.0119831,135.6761135,44,1432,1432-04-13,104
"kyoto",35.0119831,135.6761135,44,1433,1433-04-08,98
"kyoto",35.0119831,135.6761135,44,1434,1434-04-23,113
"kyoto",35.0119831,135.6761135,44,1435,1435-04-05,95
"kyoto",35.0119831,135.6761135,44,1436,1436-04-10,101
"kyoto",35.0119831,135.6761135,44,1437,1437-04-13,103
"kyoto",35.0119831,135.6761135,44,1438,1438-04-09,99
"kyoto",35.0119831,135.6761135,44,1439,1439-04-11,101
"kyoto",35.0119831,135.6761135,44,1440,1440-04-07,98
"kyoto",35.0119831,135.6761135,44,1441,1441-04-15,105
"kyoto",35.0119831,135.6761135,44,1443,1443-04-17,107
"kyoto",35.0119831,135.6761135,44,1444,1444-04-18,109
"kyoto",35.0119831,135.6761135,44,1446,1446-04-18,108
"kyoto",35.0119831,135.6761135,44,1447,1447-04-21,111
"kyoto",35.0119831,135.6761135,44,1448,1448-04-05,96
"kyoto",35.0119831,135.6761135,44,1449,1449-04-05,95
"kyoto",35.0119831,135.6761135,44,1450,1450-04-10,100
"kyoto",35.0119831,135.6761135,44,1451,1451-04-13,103
"kyoto",35.0119831,135.6761135,44,1452,1452-04-01,92
"kyoto",35.0119831,135.6761135,44,1453,1453-04-17,107
"kyoto",35.0119831,135.6761135,44,1454,1454-04-15,105
"kyoto",35.0119831,135.6761135,44,1455,1455-04-06,96
"kyoto",35.0119831,135.6761135,44,1456,1456-04-15,106
"kyoto",35.0119831,135.6761135,44,1457,1457-04-15,105
"kyoto",35.0119831,135.6761135,44,1458,1458-04-22,112
"kyoto",35.0119831,135.6761135,44,1459,1459-04-23,113
"kyoto",35.0119831,135.6761135,44,1460,1460-04-20,111
"kyoto",35.0119831,135.6761135,44,1461,1461-04-16,106
"kyoto",35.0119831,135.6761135,44,1462,1462-04-16,106
"kyoto",35.0119831,135.6761135,44,1463,1463-04-11,101
"kyoto",35.0119831,135.6761135,44,1464,1464-04-13,104
"kyoto",35.0119831,135.6761135,44,1465,1465-04-08,98
"kyoto",35.0119831,135.6761135,44,1466,1466-04-15,105
"kyoto",35.0119831,135.6761135,44,1467,1467-04-11,101
"kyoto",35.0119831,135.6761135,44,1468,1468-04-10,101
"kyoto",35.0119831,135.6761135,44,1472,1472-04-23,114
"kyoto",35.0119831,135.6761135,44,1474,1474-04-08,98
"kyoto",35.0119831,135.6761135,44,1476,1476-04-09,100
"kyoto",35.0119831,135.6761135,44,1477,1477-04-20,110
"kyoto",35.0119831,135.6761135,44,1478,1478-04-25,115
"kyoto",35.0119831,135.6761135,44,1479,1479-04-20,110
"kyoto",35.0119831,135.6761135,44,1480,1480-04-13,104
"kyoto",35.0119831,135.6761135,44,1481,1481-04-16,106
"kyoto",35.0119831,135.6761135,44,1482,1482-04-18,108
"kyoto",35.0119831,135.6761135,44,1483,1483-04-11,101
"kyoto",35.0119831,135.6761135,44,1484,1484-04-06,97
"kyoto",35.0119831,135.6761135,44,1485,1485-04-04,94
"kyoto",35.0119831,135.6761135,44,1486,1486-04-09,99
"kyoto",35.0119831,135.6761135,44,1487,1487-04-03,93
"kyoto",35.0119831,135.6761135,44,1488,1488-04-12,103
"kyoto",35.0119831,135.6761135,44,1489,1489-04-10,100
"kyoto",35.0119831,135.6761135,44,1490,1490-04-07,97
"kyoto",35.0119831,135.6761135,44,1491,1491-04-17,107
"kyoto",35.0119831,135.6761135,44,1492,1492-04-17,108
"kyoto",35.0119831,135.6761135,44,1493,1493-04-10,100
"kyoto",35.0119831,135.6761135,44,1494,1494-04-16,106
"kyoto",35.0119831,135.6761135,44,1495,1495-04-04,94
"kyoto",35.0119831,135.6761135,44,1496,1496-04-06,97
"kyoto",35.0119831,135.6761135,44,1497,1497-04-18,108
"kyoto",35.0119831,135.6761135,44,1498,1498-04-07,97
"kyoto",35.0119831,135.6761135,44,1499,1499-04-21,111
"kyoto",35.0119831,135.6761135,44,1500,1500-04-07,97
"kyoto",35.0119831,135.6761135,44,1501,1501-04-13,103
"kyoto",35.0119831,135.6761135,44,1502,1502-04-25,115
"kyoto",35.0119831,135.6761135,44,1503,1503-04-18,108
"kyoto",35.0119831,135.6761135,44,1504,1504-04-23,114
"kyoto",35.0119831,135.6761135,44,1505,1505-04-16,106
"kyoto",35.0119831,135.6761135,44,1506,1506-04-16,106
"kyoto",35.0119831,135.6761135,44,1507,1507-04-18,108
"kyoto",35.0119831,135.6761135,44,1508,1508-04-20,111
"kyoto",35.0119831,135.6761135,44,1509,1509-04-12,102
"kyoto",35.0119831,135.6761135,44,1510,1510-04-20,110
"kyoto",35.0119831,135.6761135,44,1511,1511-04-21,111
"kyoto",35.0119831,135.6761135,44,1512,1512-04-18,109
"kyoto",35.0119831,135.6761135,44,1513,1513-04-20,110
"kyoto",35.0119831,135.6761135,44,1514,1514-04-15,105
"kyoto",35.0119831,135.6761135,44,1515,1515-04-21,111
"kyoto",35.0119831,135.6761135,44,1516,1516-04-13,104
"kyoto",35.0119831,135.6761135,44,1517,1517-04-16,106
"kyoto",35.0119831,135.6761135,44,1518,1518-04-25,115
"kyoto",35.0119831,135.6761135,44,1519,1519-04-21,111
"kyoto",35.0119831,135.6761135,44,1520,1520-04-14,105
"kyoto",35.0119831,135.6761135,44,1521,1521-04-17,107
"kyoto",35.0119831,135.6761135,44,1522,1522-04-13,103
"kyoto",35.0119831,135.6761135,44,1523,1523-04-19,109
"kyoto",35.0119831,135.6761135,44,1524,1524-04-18,109
"kyoto",35.0119831,135.6761135,44,1525,1525-04-14,104
"kyoto",35.0119831,135.6761135,44,1526,1526-04-23,113
"kyoto",35.0119831,135.6761135,44,1527,1527-04-15,105
"kyoto",35.0119831,135.6761135,44,1528,1528-04-15,106
"kyoto",35.0119831,135.6761135,44,1529,1529-04-17,107
"kyoto",35.0119831,135.6761135,44,1530,1530-04-17,107
"kyoto",35.0119831,135.6761135,44,1531,1531-04-13,103
"kyoto",35.0119831,135.6761135,44,1532,1532-04-17,108
"kyoto",35.0119831,135.6761135,44,1533,1533-04-21,111
"kyoto",35.0119831,135.6761135,44,1534,1534-04-18,108
"kyoto",35.0119831,135.6761135,44,1535,1535-04-05,95
"kyoto",35.0119831,135.6761135,44,1536,1536-04-17,108
"kyoto",35.0119831,135.6761135,44,1537,1537-04-18,108
"kyoto",35.0119831,135.6761135,44,1538,1538-04-22,112
"kyoto",35.0119831,135.6761135,44,1539,1539-04-30,120
"kyoto",35.0119831,135.6761135,44,1540,1540-05-01,122
"kyoto",35.0119831,135.6761135,44,1541,1541-04-19,109
"kyoto",35.0119831,135.6761135,44,1542,1542-04-12,102
"kyoto",35.0119831,135.6761135,44,1543,1543-04-29,119
"kyoto",35.0119831,135.6761135,44,1544,1544-04-16,107
"kyoto",35.0119831,135.6761135,44,1545,1545-04-07,97
"kyoto",35.0119831,135.6761135,44,1546,1546-04-22,112
"kyoto",35.0119831,135.6761135,44,1547,1547-04-14,104
"kyoto",35.0119831,135.6761135,44,1548,1548-04-27,118
"kyoto",35.0119831,135.6761135,44,1549,1549-04-27,117
"kyoto",35.0119831,135.6761135,44,1550,1550-04-21,111
"kyoto",35.0119831,135.6761135,44,1551,1551-04-19,109
"kyoto",35.0119831,135.6761135,44,1552,1552-04-13,104
"kyoto",35.0119831,135.6761135,44,1553,1553-04-29,119
"kyoto",35.0119831,135.6761135,44,1555,1555-04-11,101
"kyoto",35.0119831,135.6761135,44,1556,1556-04-29,120
"kyoto",35.0119831,135.6761135,44,1557,1557-04-03,93
"kyoto",35.0119831,135.6761135,44,1558,1558-04-21,111
"kyoto",35.0119831,135.6761135,44,1559,1559-04-06,96
"kyoto",35.0119831,135.6761135,44,1560,1560-04-09,100
"kyoto",35.0119831,135.6761135,44,1561,1561-04-12,102
"kyoto",35.0119831,135.6761135,44,1562,1562-04-09,99
"kyoto",35.0119831,135.6761135,44,1563,1563-04-09,99
"kyoto",35.0119831,135.6761135,44,1564,1564-04-18,109
"kyoto",35.0119831,135.6761135,44,1565,1565-04-24,114
"kyoto",35.0119831,135.6761135,44,1566,1566-04-07,97
"kyoto",35.0119831,135.6761135,44,1567,1567-04-18,108
"kyoto",35.0119831,135.6761135,44,1568,1568-04-15,106
"kyoto",35.0119831,135.6761135,44,1570,1570-04-22,112
"kyoto",35.0119831,135.6761135,44,1571,1571-04-18,108
"kyoto",35.0119831,135.6761135,44,1572,1572-04-16,107
"kyoto",35.0119831,135.6761135,44,1574,1574-04-08,98
"kyoto",35.0119831,135.6761135,44,1576,1576-04-18,109
"kyoto",35.0119831,135.6761135,44,1577,1577-04-10,100
"kyoto",35.0119831,135.6761135,44,1579,1579-04-12,102
"kyoto",35.0119831,135.6761135,44,1580,1580-04-06,97
"kyoto",35.0119831,135.6761135,44,1581,1581-04-15,105
"kyoto",35.0119831,135.6761135,44,1583,1583-04-18,108
"kyoto",35.0119831,135.6761135,44,1584,1584-04-15,106
"kyoto",35.0119831,135.6761135,44,1585,1585-04-15,105
"kyoto",35.0119831,135.6761135,44,1586,1586-04-16,106
"kyoto",35.0119831,135.6761135,44,1587,1587-04-15,105
"kyoto",35.0119831,135.6761135,44,1588,1588-04-15,106
"kyoto",35.0119831,135.6761135,44,1589,1589-04-15,105
"kyoto",35.0119831,135.6761135,44,1590,1590-04-12,102
"kyoto",35.0119831,135.6761135,44,1591,1591-04-04,94
"kyoto",35.0119831,135.6761135,44,1592,1592-04-07,98
"kyoto",35.0119831,135.6761135,44,1593,1593-04-23,113
"kyoto",35.0119831,135.6761135,44,1594,1594-04-03,93
"kyoto",35.0119831,135.6761135,44,1595,1595-04-21,111
"kyoto",35.0119831,135.6761135,44,1596,1596-04-13,104
"kyoto",35.0119831,135.6761135,44,1597,1597-04-24,114
"kyoto",35.0119831,135.6761135,44,1598,1598-04-20,110
"kyoto",35.0119831,135.6761135,44,1599,1599-04-13,103
"kyoto",35.0119831,135.6761135,44,1600,1600-04-10,101
"kyoto",35.0119831,135.6761135,44,1601,1601-04-03,93
"kyoto",35.0119831,135.6761135,44,1602,1602-04-17,107
"kyoto",35.0119831,135.6761135,44,1603,1603-04-09,99
"kyoto",35.0119831,135.6761135,44,1604,1604-04-04,95
"kyoto",35.0119831,135.6761135,44,1605,1605-04-15,105
"kyoto",35.0119831,135.6761135,44,1606,1606-04-16,106
"kyoto",35.0119831,135.6761135,44,1607,1607-04-20,110
"kyoto",35.0119831,135.6761135,44,1609,1609-04-18,108
"kyoto",35.0119831,135.6761135,44,1610,1610-04-20,110
"kyoto",35.0119831,135.6761135,44,1612,1612-03-27,87
"kyoto",35.0119831,135.6761135,44,1613,1613-04-16,106
"kyoto",35.0119831,135.6761135,44,1614,1614-04-13,103
"kyoto",35.0119831,135.6761135,44,1615,1615-04-20,110
"kyoto",35.0119831,135.6761135,44,1616,1616-05-01,122
"kyoto",35.0119831,135.6761135,44,1617,1617-04-17,107
"kyoto",35.0119831,135.6761135,44,1618,1618-04-12,102
"kyoto",35.0119831,135.6761135,44,1619,1619-04-03,93
"kyoto",35.0119831,135.6761135,44,1621,1621-04-19,109
"kyoto",35.0119831,135.6761135,44,1622,1622-04-16,106
"kyoto",35.0119831,135.6761135,44,1623,1623-04-23,113
"kyoto",35.0119831,135.6761135,44,1624,1624-04-21,112
"kyoto",35.0119831,135.6761135,44,1625,1625-04-05,95
"kyoto",35.0119831,135.6761135,44,1626,1626-04-10,100
"kyoto",35.0119831,135.6761135,44,1628,1628-04-13,104
"kyoto",35.0119831,135.6761135,44,1629,1629-04-22,112
"kyoto",35.0119831,135.6761135,44,1632,1632-04-13,104
"kyoto",35.0119831,135.6761135,44,1633,1633-04-08,98
"kyoto",35.0119831,135.6761135,44,1634,1634-04-06,96
"kyoto",35.0119831,135.6761135,44,1635,1635-04-07,97
"kyoto",35.0119831,135.6761135,44,1637,1637-04-15,105
"kyoto",35.0119831,135.6761135,44,1638,1638-04-15,105
"kyoto",35.0119831,135.6761135,44,1639,1639-04-18,108
"kyoto",35.0119831,135.6761135,44,1640,1640-04-12,103
"kyoto",35.0119831,135.6761135,44,1641,1641-04-27,117
"kyoto",35.0119831,135.6761135,44,1642,1642-04-24,114
"kyoto",35.0119831,135.6761135,44,1643,1643-04-24,114
"kyoto",35.0119831,135.6761135,44,1644,1644-04-14,105
"kyoto",35.0119831,135.6761135,44,1645,1645-04-09,99
"kyoto",35.0119831,135.6761135,44,1646,1646-03-28,87
"kyoto",35.0119831,135.6761135,44,1647,1647-04-22,112
"kyoto",35.0119831,135.6761135,44,1649,1649-04-14,104
"kyoto",35.0119831,135.6761135,44,1650,1650-04-12,102
"kyoto",35.0119831,135.6761135,44,1651,1651-04-17,107
"kyoto",35.0119831,135.6761135,44,1652,1652-04-16,107
"kyoto",35.0119831,135.6761135,44,1653,1653-04-22,112
"kyoto",35.0119831,135.6761135,44,1654,1654-04-14,104
"kyoto",35.0119831,135.6761135,44,1655,1655-04-14,104
"kyoto",35.0119831,135.6761135,44,1656,1656-04-12,103
"kyoto",35.0119831,135.6761135,44,1658,1658-04-18,108
"kyoto",35.0119831,135.6761135,44,1660,1660-04-20,111
"kyoto",35.0119831,135.6761135,44,1661,1661-04-03,93
"kyoto",35.0119831,135.6761135,44,1662,1662-04-20,110
"kyoto",35.0119831,135.6761135,44,1663,1663-04-15,105
"kyoto",35.0119831,135.6761135,44,1664,1664-04-14,105
"kyoto",35.0119831,135.6761135,44,1665,1665-04-22,112
"kyoto",35.0119831,135.6761135,44,1666,1666-04-18,108
"kyoto",35.0119831,135.6761135,44,1667,1667-04-22,112
"kyoto",35.0119831,135.6761135,44,1668,1668-04-19,110
"kyoto",35.0119831,135.6761135,44,1669,1669-04-14,104
"kyoto",35.0119831,135.6761135,44,1670,1670-04-12,102
"kyoto",35.0119831,135.6761135,44,1671,1671-04-26,116
"kyoto",35.0119831,135.6761135,44,1672,1672-04-21,112
"kyoto",35.0119831,135.6761135,44,1673,1673-04-15,105
"kyoto",35.0119831,135.6761135,44,1674,1674-04-25,115
"kyoto",35.0119831,135.6761135,44,1675,1675-04-21,111
"kyoto",35.0119831,135.6761135,44,1676,1676-04-12,103
"kyoto",35.0119831,135.6761135,44,1677,1677-04-06,96
"kyoto",35.0119831,135.6761135,44,1678,1678-04-19,109
"kyoto",35.0119831,135.6761135,44,1679,1679-04-24,114
"kyoto",35.0119831,135.6761135,44,1680,1680-04-18,109
"kyoto",35.0119831,135.6761135,44,1681,1681-04-20,110
"kyoto",35.0119831,135.6761135,44,1682,1682-04-14,104
"kyoto",35.0119831,135.6761135,44,1683,1683-04-18,108
"kyoto",35.0119831,135.6761135,44,1684,1684-04-27,118
"kyoto",35.0119831,135.6761135,44,1685,1685-04-16,106
"kyoto",35.0119831,135.6761135,44,1686,1686-04-14,104
"kyoto",35.0119831,135.6761135,44,1687,1687-04-14,104
"kyoto",35.0119831,135.6761135,44,1688,1688-04-23,114
"kyoto",35.0119831,135.6761135,44,1689,1689-04-07,97
"kyoto",35.0119831,135.6761135,44,1690,1690-04-03,93
"kyoto",35.0119831,135.6761135,44,1691,1691-04-13,103
"kyoto",35.0119831,135.6761135,44,1692,1692-04-18,109
"kyoto",35.0119831,135.6761135,44,1693,1693-04-17,107
"kyoto",35.0119831,135.6761135,44,1694,1694-04-19,109
"kyoto",35.0119831,135.6761135,44,1695,1695-04-30,120
"kyoto",35.0119831,135.6761135,44,1696,1696-04-23,114
"kyoto",35.0119831,135.6761135,44,1697,1697-04-21,111
"kyoto",35.0119831,135.6761135,44,1698,1698-04-11,101
"kyoto",35.0119831,135.6761135,44,1699,1699-04-07,97
"kyoto",35.0119831,135.6761135,44,1700,1700-04-26,116
"kyoto",35.0119831,135.6761135,44,1701,1701-04-22,112
"kyoto",35.0119831,135.6761135,44,1702,1702-04-26,116
"kyoto",35.0119831,135.6761135,44,1703,1703-04-13,103
"kyoto",35.0119831,135.6761135,44,1704,1704-04-22,113
"kyoto",35.0119831,135.6761135,44,1705,1705-04-19,109
"kyoto",35.0119831,135.6761135,44,1706,1706-04-25,115
"kyoto",35.0119831,135.6761135,44,1707,1707-04-21,111
"kyoto",35.0119831,135.6761135,44,1708,1708-04-12,103
"kyoto",35.0119831,135.6761135,44,1709,1709-04-16,106
"kyoto",35.0119831,135.6761135,44,1713,1713-04-14,104
"kyoto",35.0119831,135.6761135,44,1714,1714-04-18,108
"kyoto",35.0119831,135.6761135,44,1715,1715-04-17,107
"kyoto",35.0119831,135.6761135,44,1716,1716-04-19,110
"kyoto",35.0119831,135.6761135,44,1717,1717-04-08,98
"kyoto",35.0119831,135.6761135,44,1718,1718-04-12,102
"kyoto",35.0119831,135.6761135,44,1719,1719-04-12,102
"kyoto",35.0119831,135.6761135,44,1720,1720-04-23,114
"kyoto",35.0119831,135.6761135,44,1721,1721-04-05,95
"kyoto",35.0119831,135.6761135,44,1722,1722-04-10,100
"kyoto",35.0119831,135.6761135,44,1723,1723-04-14,104
"kyoto",35.0119831,135.6761135,44,1724,1724-04-08,99
"kyoto",35.0119831,135.6761135,44,1725,1725-04-16,106
"kyoto",35.0119831,135.6761135,44,1726,1726-04-26,116
"kyoto",35.0119831,135.6761135,44,1727,1727-04-22,112
"kyoto",35.0119831,135.6761135,44,1728,1728-04-13,104
"kyoto",35.0119831,135.6761135,44,1729,1729-04-15,105
"kyoto",35.0119831,135.6761135,44,1731,1731-04-14,104
"kyoto",35.0119831,135.6761135,44,1732,1732-04-17,108
"kyoto",35.0119831,135.6761135,44,1733,1733-04-17,107
"kyoto",35.0119831,135.6761135,44,1734,1734-04-12,102
"kyoto",35.0119831,135.6761135,44,1735,1735-04-11,101
"kyoto",35.0119831,135.6761135,44,1736,1736-04-15,106
"kyoto",35.0119831,135.6761135,44,1737,1737-04-03,93
"kyoto",35.0119831,135.6761135,44,1738,1738-04-11,101
"kyoto",35.0119831,135.6761135,44,1739,1739-04-20,110
"kyoto",35.0119831,135.6761135,44,1740,1740-04-24,115
"kyoto",35.0119831,135.6761135,44,1741,1741-04-19,109
"kyoto",35.0119831,135.6761135,44,1742,1742-04-19,109
"kyoto",35.0119831,135.6761135,44,1743,1743-04-18,108
"kyoto",35.0119831,135.6761135,44,1744,1744-04-07,98
"kyoto",35.0119831,135.6761135,44,1745,1745-04-15,105
"kyoto",35.0119831,135.6761135,44,1746,1746-04-20,110
"kyoto",35.0119831,135.6761135,44,1747,1747-04-11,101
"kyoto",35.0119831,135.6761135,44,1748,1748-04-05,96
"kyoto",35.0119831,135.6761135,44,1749,1749-04-10,100
"kyoto",35.0119831,135.6761135,44,1750,1750-04-20,110
"kyoto",35.0119831,135.6761135,44,1751,1751-04-13,103
"kyoto",35.0119831,135.6761135,44,1752,1752-04-19,110
"kyoto",35.0119831,135.6761135,44,1753,1753-04-06,96
"kyoto",35.0119831,135.6761135,44,1754,1754-04-25,115
"kyoto",35.0119831,135.6761135,44,1755,1755-04-30,120
"kyoto",35.0119831,135.6761135,44,1756,1756-04-18,109
"kyoto",35.0119831,135.6761135,44,1757,1757-04-22,112
"kyoto",35.0119831,135.6761135,44,1758,1758-04-11,101
"kyoto",35.0119831,135.6761135,44,1759,1759-04-19,109
"kyoto",35.0119831,135.6761135,44,1760,1760-04-12,103
"kyoto",35.0119831,135.6761135,44,1761,1761-03-30,89
"kyoto",35.0119831,135.6761135,44,1762,1762-04-16,106
"kyoto",35.0119831,135.6761135,44,1763,1763-04-22,112
"kyoto",35.0119831,135.6761135,44,1764,1764-04-07,98
"kyoto",35.0119831,135.6761135,44,1765,1765-04-16,106
"kyoto",35.0119831,135.6761135,44,1766,1766-04-23,113
"kyoto",35.0119831,135.6761135,44,1767,1767-04-11,101
"kyoto",35.0119831,135.6761135,44,1768,1768-04-26,117
"kyoto",35.0119831,135.6761135,44,1769,1769-04-15,105
"kyoto",35.0119831,135.6761135,44,1770,1770-04-15,105
"kyoto",35.0119831,135.6761135,44,1771,1771-04-14,104
"kyoto",35.0119831,135.6761135,44,1772,1772-04-15,106
"kyoto",35.0119831,135.6761135,44,1773,1773-04-10,100
"kyoto",35.0119831,135.6761135,44,1774,1774-04-20,110
"kyoto",35.0119831,135.6761135,44,1775,1775-04-09,99
"kyoto",35.0119831,135.6761135,44,1776,1776-04-17,108
"kyoto",35.0119831,135.6761135,44,1777,1777-04-14,104
"kyoto",35.0119831,135.6761135,44,1778,1778-04-21,111
"kyoto",35.0119831,135.6761135,44,1779,1779-04-06,96
"kyoto",35.0119831,135.6761135,44,1780,1780-04-18,109
"kyoto",35.0119831,135.6761135,44,1781,1781-04-01,91
"kyoto",35.0119831,135.6761135,44,1782,1782-04-19,109
"kyoto",35.0119831,135.6761135,44,1783,1783-04-13,103
"kyoto",35.0119831,135.6761135,44,1784,1784-04-14,105
"kyoto",35.0119831,135.6761135,44,1785,1785-04-18,108
"kyoto",35.0119831,135.6761135,44,1786,1786-04-16,106
"kyoto",35.0119831,135.6761135,44,1787,1787-04-15,105
"kyoto",35.0119831,135.6761135,44,1788,1788-04-18,109
"kyoto",35.0119831,135.6761135,44,1789,1789-04-16,106
"kyoto",35.0119831,135.6761135,44,1790,1790-04-29,119
"kyoto",35.0119831,135.6761135,44,1791,1791-04-09,99
"kyoto",35.0119831,135.6761135,44,1792,1792-04-10,101
"kyoto",35.0119831,135.6761135,44,1793,1793-04-16,106
"kyoto",35.0119831,135.6761135,44,1794,1794-04-14,104
"kyoto",35.0119831,135.6761135,44,1795,1795-04-23,113
"kyoto",35.0119831,135.6761135,44,1796,1796-04-12,103
"kyoto",35.0119831,135.6761135,44,1797,1797-04-07,97
"kyoto",35.0119831,135.6761135,44,1798,1798-04-20,110
"kyoto",35.0119831,135.6761135,44,1799,1799-04-13,103
"kyoto",35.0119831,135.6761135,44,1800,1800-04-13,103
"kyoto",35.0119831,135.6761135,44,1801,1801-04-15,105
"kyoto",35.0119831,135.6761135,44,1802,1802-04-06,96
"kyoto",35.0119831,135.6761135,44,1803,1803-04-20,110
"kyoto",35.0119831,135.6761135,44,1804,1804-04-13,104
"kyoto",35.0119831,135.6761135,44,1805,1805-04-03,93
"kyoto",35.0119831,135.6761135,44,1806,1806-04-24,114
"kyoto",35.0119831,135.6761135,44,1807,1807-04-26,116
"kyoto",35.0119831,135.6761135,44,1808,1808-04-07,98
"kyoto",35.0119831,135.6761135,44,1809,1809-04-17,107
"kyoto",35.0119831,135.6761135,44,1810,1810-04-10,100
"kyoto",35.0119831,135.6761135,44,1811,1811-04-20,110
"kyoto",35.0119831,135.6761135,44,1812,1812-04-29,120
"kyoto",35.0119831,135.6761135,44,1813,1813-04-17,107
"kyoto",35.0119831,135.6761135,44,1814,1814-04-23,113
"kyoto",35.0119831,135.6761135,44,1815,1815-04-21,111
"kyoto",35.0119831,135.6761135,44,1816,1816-04-12,103
"kyoto",35.0119831,135.6761135,44,1817,1817-04-20,110
"kyoto",35.0119831,135.6761135,44,1818,1818-04-16,106
"kyoto",35.0119831,135.6761135,44,1819,1819-04-16,106
"kyoto",35.0119831,135.6761135,44,1820,1820-04-04,95
"kyoto",35.0119831,135.6761135,44,1821,1821-04-19,109
"kyoto",35.0119831,135.6761135,44,1822,1822-04-12,102
"kyoto",35.0119831,135.6761135,44,1823,1823-04-16,106
"kyoto",35.0119831,135.6761135,44,1824,1824-04-17,108
"kyoto",35.0119831,135.6761135,44,1825,1825-04-24,114
"kyoto",35.0119831,135.6761135,44,1826,1826-04-19,109
"kyoto",35.0119831,135.6761135,44,1827,1827-04-10,100
"kyoto",35.0119831,135.6761135,44,1828,1828-04-22,113
"kyoto",35.0119831,135.6761135,44,1829,1829-04-22,112
"kyoto",35.0119831,135.6761135,44,1830,1830-04-15,105
"kyoto",35.0119831,135.6761135,44,1831,1831-04-24,114
"kyoto",35.0119831,135.6761135,44,1832,1832-04-22,113
"kyoto",35.0119831,135.6761135,44,1833,1833-04-17,107
"kyoto",35.0119831,135.6761135,44,1834,1834-04-21,111
"kyoto",35.0119831,135.6761135,44,1835,1835-04-22,112
"kyoto",35.0119831,135.6761135,44,1836,1836-04-21,112
"kyoto",35.0119831,135.6761135,44,1837,1837-04-21,111
"kyoto",35.0119831,135.6761135,44,1838,1838-04-19,109
"kyoto",35.0119831,135.6761135,44,1839,1839-04-30,120
"kyoto",35.0119831,135.6761135,44,1840,1840-04-14,105
"kyoto",35.0119831,135.6761135,44,1841,1841-04-17,107
"kyoto",35.0119831,135.6761135,44,1842,1842-04-06,96
"kyoto",35.0119831,135.6761135,44,1843,1843-04-16,106
"kyoto",35.0119831,135.6761135,44,1844,1844-04-15,106
"kyoto",35.0119831,135.6761135,44,1845,1845-04-12,102
"kyoto",35.0119831,135.6761135,44,1846,1846-04-08,98
"kyoto",35.0119831,135.6761135,44,1847,1847-04-17,107
"kyoto",35.0119831,135.6761135,44,1848,1848-04-11,102
"kyoto",35.0119831,135.6761135,44,1849,1849-04-10,100
"kyoto",35.0119831,135.6761135,44,1850,1850-04-19,109
"kyoto",35.0119831,135.6761135,44,1851,1851-04-12,102
"kyoto",35.0119831,135.6761135,44,1852,1852-04-22,113
"kyoto",35.0119831,135.6761135,44,1853,1853-04-12,102
"kyoto",35.0119831,135.6761135,44,1854,1854-04-12,102
"kyoto",35.0119831,135.6761135,44,1855,1855-04-11,101
"kyoto",35.0119831,135.6761135,44,1856,1856-04-20,111
"kyoto",35.0119831,135.6761135,44,1857,1857-04-18,108
"kyoto",35.0119831,135.6761135,44,1858,1858-04-14,104
"kyoto",35.0119831,135.6761135,44,1859,1859-04-20,110
"kyoto",35.0119831,135.6761135,44,1860,1860-04-22,113
"kyoto",35.0119831,135.6761135,44,1861,1861-04-10,100
"kyoto",35.0119831,135.6761135,44,1862,1862-04-27,117
"kyoto",35.0119831,135.6761135,44,1863,1863-04-28,118
"kyoto",35.0119831,135.6761135,44,1864,1864-04-14,105
"kyoto",35.0119831,135.6761135,44,1865,1865-04-07,97
"kyoto",35.0119831,135.6761135,44,1866,1866-04-12,102
"kyoto",35.0119831,135.6761135,44,1867,1867-04-11,101
"kyoto",35.0119831,135.6761135,44,1868,1868-04-13,104
"kyoto",35.0119831,135.6761135,44,1869,1869-04-15,105
"kyoto",35.0119831,135.6761135,44,1870,1870-04-09,99
"kyoto",35.0119831,135.6761135,44,1871,1871-04-14,104
"kyoto",35.0119831,135.6761135,44,1873,1873-04-14,104
"kyoto",35.0119831,135.6761135,44,1874,1874-04-17,107
"kyoto",35.0119831,135.6761135,44,1875,1875-04-13,103
"kyoto",35.0119831,135.6761135,44,1876,1876-04-20,111
"kyoto",35.0119831,135.6761135,44,1877,1877-04-14,104
"kyoto",35.0119831,135.6761135,44,1878,1878-04-11,101
"kyoto",35.0119831,135.6761135,44,1879,1879-04-12,102
"kyoto",35.0119831,135.6761135,44,1880,1880-04-19,110
"kyoto",35.0119831,135.6761135,44,1881,1881-04-22,112
"kyoto",35.0119831,135.6761135,44,1882,1882-04-07,97
"kyoto",35.0119831,135.6761135,44,1883,1883-04-17,107
"kyoto",35.0119831,135.6761135,44,1884,1884-04-18,109
"kyoto",35.0119831,135.6761135,44,1885,1885-04-23,113
"kyoto",35.0119831,135.6761135,44,1886,1886-04-18,108
"kyoto",35.0119831,135.6761135,44,1887,1887-04-19,109
"kyoto",35.0119831,135.6761135,44,1888,1888-04-16,107
"kyoto",35.0119831,135.6761135,44,1889,1889-04-19,109
"kyoto",35.0119831,135.6761135,44,1890,1890-04-08,98
"kyoto",35.0119831,135.6761135,44,1891,1891-04-09,99
"kyoto",35.0119831,135.6761135,44,1892,1892-04-24,115
"kyoto",35.0119831,135.6761135,44,1893,1893-04-19,109
"kyoto",35.0119831,135.6761135,44,1894,1894-04-08,98
"kyoto",35.0119831,135.6761135,44,1896,1896-04-15,106
"kyoto",35.0119831,135.6761135,44,1897,1897-04-16,106
"kyoto",35.0119831,135.6761135,44,1898,1898-04-18,108
"kyoto",35.0119831,135.6761135,44,1899,1899-04-09,99
"kyoto",35.0119831,135.6761135,44,1900,1900-04-12,102
"kyoto",35.0119831,135.6761135,44,1901,1901-04-12,102
"kyoto",35.0119831,135.6761135,44,1902,1902-04-08,98
"kyoto",35.0119831,135.6761135,44,1903,1903-04-09,99
"kyoto",35.0119831,135.6761135,44,1904,1904-04-17,108
"kyoto",35.0119831,135.6761135,44,1905,1905-04-15,105
"kyoto",35.0119831,135.6761135,44,1906,1906-04-15,105
"kyoto",35.0119831,135.6761135,44,1907,1907-04-13,103
"kyoto",35.0119831,135.6761135,44,1908,1908-04-11,102
"kyoto",35.0119831,135.6761135,44,1909,1909-04-18,108
"kyoto",35.0119831,135.6761135,44,1910,1910-04-14,104
"kyoto",35.0119831,135.6761135,44,1911,1911-04-08,98
"kyoto",35.0119831,135.6761135,44,1912,1912-04-14,105
"kyoto",35.0119831,135.6761135,44,1913,1913-04-13,103
"kyoto",35.0119831,135.6761135,44,1914,1914-04-12,102
"kyoto",35.0119831,135.6761135,44,1915,1915-04-12,102
"kyoto",35.0119831,135.6761135,44,1916,1916-04-21,112
"kyoto",35.0119831,135.6761135,44,1917,1917-04-13,103
"kyoto",35.0119831,135.6761135,44,1918,1918-04-14,104
"kyoto",35.0119831,135.6761135,44,1920,1920-04-13,104
"kyoto",35.0119831,135.6761135,44,1922,1922-04-11,101
"kyoto",35.0119831,135.6761135,44,1923,1923-04-07,97
"kyoto",35.0119831,135.6761135,44,1924,1924-04-20,111
"kyoto",35.0119831,135.6761135,44,1925,1925-04-18,108
"kyoto",35.0119831,135.6761135,44,1926,1926-04-18,108
"kyoto",35.0119831,135.6761135,44,1927,1927-04-17,107
"kyoto",35.0119831,135.6761135,44,1928,1928-04-16,107
"kyoto",35.0119831,135.6761135,44,1929,1929-04-13,103
"kyoto",35.0119831,135.6761135,44,1930,1930-04-05,95
"kyoto",35.0119831,135.6761135,44,1931,1931-04-15,105
"kyoto",35.0119831,135.6761135,44,1932,1932-04-14,105
"kyoto",35.0119831,135.6761135,44,1933,1933-04-16,106
"kyoto",35.0119831,135.6761135,44,1934,1934-04-14,104
"kyoto",35.0119831,135.6761135,44,1935,1935-04-12,102
"kyoto",35.0119831,135.6761135,44,1936,1936-04-20,111
"kyoto",35.0119831,135.6761135,44,1937,1937-04-10,100
"kyoto",35.0119831,135.6761135,44,1938,1938-04-08,98
"kyoto",35.0119831,135.6761135,44,1939,1939-04-14,104
"kyoto",35.0119831,135.6761135,44,1940,1940-04-19,110
"kyoto",35.0119831,135.6761135,44,1941,1941-04-10,100
"kyoto",35.0119831,135.6761135,44,1942,1942-04-06,96
"kyoto",35.0119831,135.6761135,44,1943,1943-04-11,101
"kyoto",35.0119831,135.6761135,44,1944,1944-04-09,100
"kyoto",35.0119831,135.6761135,44,1946,1946-04-07,97
"kyoto",35.0119831,135.6761135,44,1947,1947-04-17,107
"kyoto",35.0119831,135.6761135,44,1948,1948-04-11,102
"kyoto",35.0119831,135.6761135,44,1949,1949-04-17,107
"kyoto",35.0119831,135.6761135,44,1950,1950-04-09,99
"kyoto",35.0119831,135.6761135,44,1951,1951-04-08,98
"kyoto",35.0119831,135.6761135,44,1952,1952-04-14,105
"kyoto",35.0119831,135.6761135,44,1953,1953-04-11,101
"kyoto",35.0119831,135.6761135,44,1954,1954-04-08,98
"kyoto",35.0119831,135.6761135,44,1955,1955-04-07,97
"kyoto",35.0119831,135.6761135,44,1956,1956-04-08,99
"kyoto",35.0119831,135.6761135,44,1957,1957-04-13,103
"kyoto",35.0119831,135.6761135,44,1958,1958-04-09,99
"kyoto",35.0119831,135.6761135,44,1959,1959-04-02,92
"kyoto",35.0119831,135.6761135,44,1960,1960-04-04,95
"kyoto",35.0119831,135.6761135,44,1961,1961-04-09,99
"kyoto",35.0119831,135.6761135,44,1962,1962-04-12,102
"kyoto",35.0119831,135.6761135,44,1963,1963-04-11,101
"kyoto",35.0119831,135.6761135,44,1964,1964-04-08,99
"kyoto",35.0119831,135.6761135,44,1965,1965-04-20,110
"kyoto",35.0119831,135.6761135,44,1966,1966-04-07,97
"kyoto",35.0119831,135.6761135,44,1967,1967-04-07,97
"kyoto",35.0119831,135.6761135,44,1968,1968-04-08,99
"kyoto",35.0119831,135.6761135,44,1969,1969-04-11,101
"kyoto",35.0119831,135.6761135,44,1970,1970-04-17,107
"kyoto",35.0119831,135.6761135,44,1971,1971-04-08,98
"kyoto",35.0119831,135.6761135,44,1972,1972-04-08,99
"kyoto",35.0119831,135.6761135,44,1973,1973-04-07,97
"kyoto",35.0119831,135.6761135,44,1974,1974-04-09,99
"kyoto",35.0119831,135.6761135,44,1975,1975-04-10,100
"kyoto",35.0119831,135.6761135,44,1976,1976-04-08,99
"kyoto",35.0119831,135.6761135,44,1977,1977-04-03,93
"kyoto",35.0119831,135.6761135,44,1978,1978-04-14,104
"kyoto",35.0119831,135.6761135,44,1979,1979-04-07,97
"kyoto",35.0119831,135.6761135,44,1980,1980-04-11,102
"kyoto",35.0119831,135.6761135,44,1981,1981-04-09,99
"kyoto",35.0119831,135.6761135,44,1982,1982-04-03,93
"kyoto",35.0119831,135.6761135,44,1983,1983-04-09,99
"kyoto",35.0119831,135.6761135,44,1984,1984-04-18,109
"kyoto",35.0119831,135.6761135,44,1985,1985-04-09,99
"kyoto",35.0119831,135.6761135,44,1986,1986-04-12,102
"kyoto",35.0119831,135.6761135,44,1987,1987-04-05,95
"kyoto",35.0119831,135.6761135,44,1988,1988-04-15,106
"kyoto",35.0119831,135.6761135,44,1989,1989-04-03,93
"kyoto",35.0119831,135.6761135,44,1990,1990-03-29,88
"kyoto",35.0119831,135.6761135,44,1991,1991-04-07,97
"kyoto",35.0119831,135.6761135,44,1992,1992-04-03,94
"kyoto",35.0119831,135.6761135,44,1993,1993-04-07,97
"kyoto",35.0119831,135.6761135,44,1994,1994-04-09,99
"kyoto",35.0119831,135.6761135,44,1995,1995-04-09,99
"kyoto",35.0119831,135.6761135,44,1996,1996-04-12,103
"kyoto",35.0119831,135.6761135,44,1997,1997-04-07,97
"kyoto",35.0119831,135.6761135,44,1998,1998-04-01,91
"kyoto",35.0119831,135.6761135,44,1999,1999-04-04,94
"kyoto",35.0119831,135.6761135,44,2000,2000-04-09,100
"kyoto",35.0119831,135.6761135,44,2001,2001-04-06,96
"kyoto",35.0119831,135.6761135,44,2002,2002-04-01,91
"kyoto",35.0119831,135.6761135,44,2003,2003-04-08,98
"kyoto",35.0119831,135.6761135,44,2004,2004-04-01,92
"kyoto",35.0119831,135.6761135,44,2005,2005-04-09,99
"kyoto",35.0119831,135.6761135,44,2006,2006-04-08,98
"kyoto",35.0119831,135.6761135,44,2007,2007-04-07,97
"kyoto",35.0119831,135.6761135,44,2008,2008-04-04,95
"kyoto",35.0119831,135.6761135,44,2009,2009-04-05,95
"kyoto",35.0119831,135.6761135,44,2010,2010-04-05,95
"kyoto",35.0119831,135.6761135,44,2011,2011-04-09,99
"kyoto",35.0119831,135.6761135,44,2012,2012-04-10,101
"kyoto",35.0119831,135.6761135,44,2013,2013-04-03,93
"kyoto",35.0119831,135.6761135,44,2014,2014-04-04,94
"kyoto",35.0119831,135.6761135,44,2015,2015-04-03,93
"kyoto",35.0119831,135.6761135,44,2016,2016-04-04,95
"kyoto",35.0119831,135.6761135,44,2017,2017-04-09,99
"kyoto",35.0119831,135.6761135,44,2018,2018-03-30,89
"kyoto",35.0119831,135.6761135,44,2019,2019-04-05,95
"kyoto",35.0119831,135.6761135,44,2020,2020-04-01,92
"kyoto",35.0119831,135.6761135,44,2021,2021-03-26,85
"kyoto",35.0119831,135.6761135,44,2022,2022-04-01,91
"kyoto",35.0119831,135.6761135,44,2023,2023-03-25,84
"kyoto",35.0119831,135.6761135,44,2024,2024-04-04,95
